Laurence,Liang,51 Rue Champlain,,laurencel2001@gmail.com,5149714848,
Laurence,Liang,51 Rue Champlain,,laurencel2001@gmail.com,5149714848,
Laurence,Liang,51 Rue Champlain,,laurencel2001@gmail.com,5149714848,lieu,réparation,
Laurence,Liang,51 Rue Champlain,,laurencel2001@gmail.com,5149714848,lieu,réparation,
Laurence,Liang,51 Rue Champlain,,laurencel2001@gmail.com,5149714848,autre,réparation,
Laurence,Liang,51 Rue Champlain,,laurencel2001@gmail.com,5149714848,autre,réparation,
Laurence,Liang,51 Rue Champlain,,laurencel2001@gmail.com,5149714848,autre,réparation,
Laurence,Liang,51 Rue Champlain,,laurencel2001@gmail.com,5149714848,autre,réparation,2019-02-16T12:00
Laurence|Liang|51 Rue Champlain||laurencel2001@gmail.com|5149714848|resident,autre|réparation,social|2019-02-16T12:00
Laurence,Liang,51 Rue Champlain,,laurencel2001@gmail.com,5149714848,autre,réparation-vente,
Laurence,Liang,51 Rue Champlain,,laurencel2001@gmail.com,5149714848,oui,
,,,,,,
Adam,Watson,,,,,
Adam,Watson,,,,,
Leslie,Bleu,,,,,
John,Adams,,,,,
Peter,Parker,,,,,
Leslie,Bleu,,,,,
Bob,Eponge,,,,,
Bob,Eponge,,,,,
Bob,Eponge,,,,,
Bob,Eponge,,,,,
